model;t_birth;lifespan;w_star;zi;x;y;z;ksi
1;0;485.724;2.85724;1396.38;1142.4;1230.59;0;0.333912
1;0;437.876;2.37876;1345.29;1011.87;430.129;0;0.37686
1;928;326.434;1.26434;1375.2;1382.28;-1277.88;0;0.574116
1;966;442.799;2.42799;1324.78;1388.06;1415.54;0;0.697927
